mechanic_id,name,max_jobs,certifications
M01,Luis Garcia,3,brakes;engine;electrical
M02,Hannah Cole,3,tires;transmission;air_conditioning
M03,Ben Wright,3,brakes;engine;transmission
M04,Mei Chen,3,tires;engine;electrical;air_conditioning
M05,Andre Jackson,3,brakes;electrical;transmission
M06,Sofia Rossi,3,engine;electrical;air_conditioning
M07,Eli Turner,2,brakes;tires;engine
M08,Fatima Noor,2,brakes;electrical;transmission;air_conditioning
M09,Jake Peterson,2,tires;engine;electrical
M10,Ava Kowalski,2,brakes;tires;transmission;air_conditioning
